source,target,type,weight,reason
A03,A01,depends,0.85,启动与退出应用需要先掌握鼠标单击与双击
A05,A02,depends,0.85,创建与重命名文件需要先掌握输入法与语音输入
A05,A03,depends,0.85,创建与重命名文件需要先掌握启动与退出应用
A06,A02,depends,0.85,复制粘贴与撤销需要先掌握输入法与语音输入
A07,A03,depends,0.85,浏览与识别网址需要先掌握启动与退出应用
A08,A05,depends,0.85,上传下载与找回需要先掌握创建与重命名文件
A08,B09,depends,0.85,上传下载与找回需要先掌握个人信息最小化
A09,A07,depends,0.85,官方安装入口需要先掌握浏览与识别网址
A10,A02,depends,0.85,账号保护与验证需要先掌握输入法与语音输入
A12,B09,depends,0.85,截图与信息遮挡需要先掌握个人信息最小化
A12,A05,depends,0.85,截图与信息遮挡需要先掌握创建与重命名文件
B02,B01,depends,0.85,适用任务与局限需要先掌握生成式AI是什么
B03,B01,depends,0.85,幻觉与错误自信需要先掌握生成式AI是什么
B04,B01,depends,0.85,模型与联网区别需要先掌握生成式AI是什么
B05,A07,depends,0.85,定位原始来源需要先掌握浏览与识别网址
B06,B05,depends,0.85,交叉核验主张需要先掌握定位原始来源
B06,B12,depends,0.85,交叉核验主张需要先掌握承认不确定性
B07,B05,depends,0.85,核对引文元数据需要先掌握定位原始来源
B08,B05,depends,0.85,搜索未命中判断需要先掌握定位原始来源
B08,B03,depends,0.85,搜索未命中判断需要先掌握幻觉与错误自信
B10,B09,depends,0.85,学术用途与披露需要先掌握个人信息最小化
B11,B09,depends,0.85,合成音视频核实需要先掌握个人信息最小化
C02,C01,depends,0.85,补充背景与材料需要先掌握定义任务目标
C02,B09,depends,0.85,补充背景与材料需要先掌握个人信息最小化
C03,C01,depends,0.85,限定输出与标准需要先掌握定义任务目标
C04,C03,depends,0.85,提供示例与对照需要先掌握限定输出与标准
C05,C01,depends,0.85,分解复杂任务需要先掌握定义任务目标
C05,C03,depends,0.85,分解复杂任务需要先掌握限定输出与标准
C06,C03,depends,0.85,根据结果迭代需要先掌握限定输出与标准
C07,B05,depends,0.85,资料内检索与摘录需要先掌握定位原始来源
C07,B12,depends,0.85,资料内检索与摘录需要先掌握承认不确定性
C08,C02,depends,0.85,上下文裁剪与续接需要先掌握补充背景与材料
C09,B12,depends,0.85,知识卡最小单元需要先掌握承认不确定性
C10,C09,depends,0.85,检索命中与回退需要先掌握知识卡最小单元
C10,C11,depends,0.85,检索命中与回退需要先掌握来源版本与复审
C11,B05,depends,0.85,来源版本与复审需要先掌握定位原始来源
C12,C11,depends,0.85,知识冲突处理需要先掌握来源版本与复审
C12,B12,depends,0.85,知识冲突处理需要先掌握承认不确定性
D01,C01,depends,0.85,学习提纲辅助需要先掌握定义任务目标
D01,B10,depends,0.85,学习提纲辅助需要先掌握学术用途与披露
D02,C07,depends,0.85,阅读摘要回原文需要先掌握资料内检索与摘录
D02,B06,depends,0.85,阅读摘要回原文需要先掌握交叉核验主张
D03,B10,depends,0.85,学术写作自查需要先掌握学术用途与披露
D03,B07,depends,0.85,学术写作自查需要先掌握核对引文元数据
D04,B09,depends,0.85,练习数据与图表需要先掌握个人信息最小化
D04,F10,depends,0.85,练习数据与图表需要先掌握指标分母与缺失
D05,C05,depends,0.85,会议纪要核对需要先掌握分解复杂任务
D05,B09,depends,0.85,会议纪要核对需要先掌握个人信息最小化
D06,A05,depends,0.85,文档排版与导出需要先掌握创建与重命名文件
D06,A06,depends,0.85,文档排版与导出需要先掌握复制粘贴与撤销
D07,C05,depends,0.85,汇报PPT大纲需要先掌握分解复杂任务
D07,D06,depends,0.85,汇报PPT大纲需要先掌握文档排版与导出
D08,B10,depends,0.85,作品来源与授权需要先掌握学术用途与披露
D09,C03,depends,0.85,真实简历改写需要先掌握限定输出与标准
D09,B09,depends,0.85,真实简历改写需要先掌握个人信息最小化
D10,D09,depends,0.85,模拟面试与复盘需要先掌握真实简历改写
D11,C01,depends,0.85,生活文本练习需要先掌握定义任务目标
D11,C06,depends,0.85,生活文本练习需要先掌握根据结果迭代
D12,B04,depends,0.85,生活信息再核实需要先掌握模型与联网区别
D12,B05,depends,0.85,生活信息再核实需要先掌握定位原始来源
E02,E01,depends,0.85,切换讲解节奏需要先掌握识别目标与能力
E02,A04,depends,0.85,切换讲解节奏需要先掌握一步一停的操作
E03,A04,depends,0.85,演示并让学员复做需要先掌握一步一停的操作
E04,E01,depends,0.85,卡点排查四问需要先掌握识别目标与能力
E04,A12,depends,0.85,卡点排查四问需要先掌握截图与信息遮挡
E05,E03,depends,0.85,D3五十分钟课需要先掌握演示并让学员复做
E05,E07,depends,0.85,D3五十分钟课需要先掌握证据量规批改
E06,E01,depends,0.85,保底与挑战任务需要先掌握识别目标与能力
E06,E09,depends,0.85,保底与挑战任务需要先掌握课前基线记录
E07,C03,depends,0.85,证据量规批改需要先掌握限定输出与标准
E07,B12,depends,0.85,证据量规批改需要先掌握承认不确定性
E08,E07,depends,0.85,具体纠错反馈需要先掌握证据量规批改
E09,E07,depends,0.85,课前基线记录需要先掌握证据量规批改
E10,E09,depends,0.85,平行任务结课测需要先掌握课前基线记录
E10,E07,depends,0.85,平行任务结课测需要先掌握证据量规批改
E11,E10,depends,0.85,D5逐人学情报告需要先掌握平行任务结课测
E11,E08,depends,0.85,D5逐人学情报告需要先掌握具体纠错反馈
E11,F03,depends,0.85,D5逐人学情报告需要先掌握进度记录最小字段
E12,E04,depends,0.85,人工介入与复核需要先掌握卡点排查四问
E12,B12,depends,0.85,人工介入与复核需要先掌握承认不确定性
F01,E01,depends,0.85,S0至S4阶段需要先掌握识别目标与能力
F02,E11,depends,0.85,D6整期案例包需要先掌握D5逐人学情报告
F02,F04,depends,0.85,D6整期案例包需要先掌握作品展示同意
F02,F09,depends,0.85,D6整期案例包需要先掌握承接率计量
F02,F10,depends,0.85,D6整期案例包需要先掌握指标分母与缺失
F03,B09,depends,0.85,进度记录最小字段需要先掌握个人信息最小化
F04,B09,depends,0.85,作品展示同意需要先掌握个人信息最小化
F05,B04,depends,0.85,工具能力清单需要先掌握模型与联网区别
F06,F05,depends,0.85,只读检索先行需要先掌握工具能力清单
F06,C09,depends,0.85,只读检索先行需要先掌握知识卡最小单元
F07,F05,depends,0.85,写入前确认范围需要先掌握工具能力清单
F07,B09,depends,0.85,写入前确认范围需要先掌握个人信息最小化
F08,E03,depends,0.85,故障降级教学需要先掌握演示并让学员复做
F08,C09,depends,0.85,故障降级教学需要先掌握知识卡最小单元
F09,F10,depends,0.85,承接率计量需要先掌握指标分母与缺失
F10,B12,depends,0.85,指标分母与缺失需要先掌握承认不确定性
F11,E07,depends,0.85,训练验收与回归需要先掌握证据量规批改
F11,C12,depends,0.85,训练验收与回归需要先掌握知识冲突处理
F12,F11,depends,0.85,审核发布与回滚需要先掌握训练验收与回归
F12,C11,depends,0.85,审核发布与回滚需要先掌握来源版本与复审
A01,A02,analogy,0.65,鼠标与文字输入是两种人机输入方式
A04,A11,analogy,0.65,调整步骤与调整显示都应依据学员反馈
A10,B09,analogy,0.65,账号保护与最小化上传共同减少信息暴露
A06,C06,analogy,0.65,撤销局部改动类似按反馈局部修订，但AI修订不保证可逆
A09,A10,analogy,0.65,可信安装与账号保护分别保护入口和身份
B03,B07,contrast,0.65,生成的引文形式不能代替元数据证据
B07,B08,contrast,0.65,查到且匹配与未命中是不同证据状态
B02,B12,analogy,0.65,判断能力边界与声明证据范围共同校准期待
B11,B06,analogy,0.65,身份核实与事实核实都需要独立渠道
C01,C02,contrast,0.65,目标描述与背景资料分别回答做什么和根据什么
C04,E03,analogy,0.65,提示样例与教学示范都可帮助理解标准
C05,E05,analogy,0.65,任务分解与课时分段都需要可检查的中间产物
C08,C11,contrast,0.65,会话摘要不等于来源的长期版本记录
D01,D03,contrast,0.65,复习提纲与提交写作属于不同用途
D05,D02,analogy,0.65,会议提取与阅读摘要都要返回原始材料
D08,F04,analogy,0.65,素材授权和学员作品展示同意分别覆盖不同权利主体
D11,D12,contrast,0.65,生活创意文本与时效事实的核验负担不同
E01,E09,contrast,0.65,当下目标诊断与标准化基线测评不等同
E06,E02,analogy,0.65,任务难度和讲解节奏都是可调整的教学支持
E08,C06,analogy,0.65,助教反馈应帮助学员具体迭代
E12,F08,contrast,0.65,转交真人与工具故障降级是两种不同回退
F01,E05,contrast,0.65,S阶段管理整期；D3管理每课；编号语义不同
F02,E11,contrast,0.65,D6整期汇总不同于D5个人报告
F09,F10,analogy,0.65,承接率和其他比例都需要固定分母
F06,F07,contrast,0.65,只读检索与有外部影响的写入权限不同
F11,F12,analogy,0.65,测试证据支撑审核发布，变更后还需回归
E11,E09,contains,0.85,逐人学情报告包含实际基线记录
E11,E08,contains,0.85,逐人学情报告包含具体反馈记录
F02,E11,contains,0.85,整期案例包汇总经授权的个人报告证据
